SH_ID,SH_NAME
AARS,Arizona Animal Rescue and Sanctuary
AAWD,Albuquerque Animal Welfare Department
AAWL,Arizona Animal Welfare League
ABRN,All Breed Rescue Network
ABRV,All Breed Rescue
ACA,Alley Cat Angels
ACAC,Adams County Animal Control
ACCNYC,Animal Care and Control of NYC
ACHS,Alachua County Humane Society
ACMC,Animal Center of Moore County
ACPS,Animal Care & Protective Services
ACS,Anti Cruelty Society
ACSPCA,Allen County SPCA
ADAR,Alabamians Defending Animal Rights
ADL,Animal Defense League
AFC,Animal Friends Connection
AFRP,Animal Friends Rescue Project
AHA,"Asians for Humans, Animals, and Nature"
AHAZ,Almost Home Boxer Rescue
AHNM,Animal Humane New Mexico
AHO,Almost Home Adoptions
AHS,Arizona Humane Society
AMCAC,Amelia County Animal Control and Pound Facility
ANLOL,"A New Leash on Life, Inc."
ANRF,Animal Rescue Foundation CO
ANTR,A New Tail Rescue
APA,Austin Pets Alive!
APCACS,Aspen/Pitkin County Animal Control and Shelter
APR,Arizona Poodle Rescue
APS,Animal Protection Society of Durham
AR,Akita Rescue
ARC,Animal Rescue Center
ARCTR,"Animal Refuge Center, Inc."
ARER,Animal Refugee Response
ARF,Animal Rescue Foundation
ARK,The ARK
ARR,Animal Rescue Recon
AUAS,Austin Animal Services
AWL,Animal Welfare League
AWP,Angels with Paws
BABARK,Bay Area Rescued Kanines
BAC,Birmingham Animal Control
BACAC,Baldwin County Animal Control Center
BACRF,Bay Area Cat Rescue Foundation
BACS,Berkeley Animal Care Services
BAD,BAD RAP
BAGSR,Bay Area German Shepherd Rescue
BARK,Bandit's Adoption and Rescue of K9's
BASHR,Bay Area Siberian Husky Rescue
BBRH,Basset & Beagle Rescue of the Heartland
BCAC,Bullhead City Animal Control
BCAS,Buffalo City Animal Shelter
BCHS,Baldwin County Humane Society
BDSC,Black Dog Second Chance
BEBHS,Berkeley East Bay Humane Society
BHCR,Bee Holistic Cat Rescue
BHS,Buffalo Humane Society
BIG,Big Dawgs Rescue
BTAC,Bloomfield Township Animal Control
CAAS,City of Aurora Animal Shelter
CAC,Cedaredge Animal Control
CACC,Chicago Animal Care and Control
CANAS,City of Antioch Animal Services
CAR,Colorado Animal Rescue
CASPCA,Charlottesville Albemarle SPCA
CAT,Cat Adoption Team
CATSN,Cat Support Network
CATT,Cat Town
CBMAC,City of Bay Minette Animal Control
CCAC,Calhoun County Animal Center
CCACC,Calhoun County Animal Control Center
CCAS,Converse Animal Shelter
CCC,Community Concern for Cats
CCCAS,Contra Costa County Animal Services
CCDS,Clackamas County Dog Services
CCHS,Contra Costa Humane Society
CCS,Cat Care Society
CCSPCA,Contra Costa SPCA
CDAS,City of Delta Animal Services
CDR,Copper's Dream Rescue
CFAC,City of Fairhope Animal Control
CFC,Caring for Canines
CH,Challenger's House
CHAC,Colonial Heights Animal Control and Pound Facility
CHAS,City of Huntsville Animal Services
CLAC,City of Lynchburg Animal Control
CLAWS,Cats League and Assistance of the Western Slope
CM,Cat Matchers
CMAC,City of Madison Animal Control
CMAS,City of Mobile Animal Shelter
CMHAS,City of Madison Heights Animal Shelter
CN,"The Cat Network, Inc."
COAAS,City of Alameda Animal Shelter
COSAS,City of Saraland Animal Shelter
CPAC,Chesterfield Police Animal Control Unit
CPBR,California Pit Bull Rescue
CPC,Community Pet Center
CPR,California Pitbull Rescue
CRCS,Canine Rehabilitation Center and Sanctuary
CSAS,City of Salinas Animal Services
CSAS,City of Salinas Animal Services
CSAS,City of Salinas Animal Services
CTYPR,City of Prichard Animal Control
CTYPR,City of Prichard Animal Control
CTYPR,City of Prichard Animal Control
CTYPR,City of Prichard Animal Control
CTYPR,City of Prichard Animal Control
CUCAC,Cumberland County Animal Control and Pound Facility
CUCAC,Cumberland County Animal Control and Pound Facility
CVHS,Central Vermont Humane Society
CVHS,Central Vermont Humane Society
DACHS,Dane County Humane Society
DACHS,Dane County Humane Society
DACHS,Dane County Humane Society
DACHS,Dane County Humane Society
DACHS,Dane County Humane Society
DACHS,Dane County Humane Society
DACHS,Dane County Humane Society
DALAS,Dallas Animal Services
DALAS,Dallas Animal Services
DALAS,Dallas Animal Services
DALAS,Dallas Animal Services
DALAS,Dallas Animal Services
DALAS,Dallas Animal Services
DAS,Daphne Animal Shelter
DAS,Daphne Animal Shelter
DAS,Daphne Animal Shelter
DAS,Daphne Animal Shelter
DASH,Delta Animals Safe Haven
DASH,Delta Animals Safe Haven
DASH,Delta Animals Safe Haven
DASH,Delta Animals Safe Haven
DCAC ,Dinwiddie County Animal Control and Pound Facility
DCAC ,Dinwiddie County Animal Control and Pound Facility
DCFF,Dane County Friends of Ferals
DCFF,Dane County Friends of Ferals
DCFF,Dane County Friends of Ferals
DCFF,Dane County Friends of Ferals
DCFF,Dane County Friends of Ferals
DCFF,Dane County Friends of Ferals
DCFF,Dane County Friends of Ferals
DCHS,Delta County Humane Society
DCHS,Delta County Humane Society
DCHS,Delta County Humane Society
DCHS,Delta County Humane Society
DCSD,Delta County Sheriff's Department Animal Control
DCSD,Delta County Sheriff's Department Animal Control
DCSD,Delta County Sheriff's Department Animal Control
DCSD,Delta County Sheriff's Department Animal Control
DFL,Denver Dumb Friends League
DFL,Denver Dumb Friends League
DFL,Denver Dumb Friends League
DHS,Dubuque Regional Humane Society
DHS,Dubuque Regional Humane Society
DHS,Dubuque Regional Humane Society
DMAS,Denver Municipal Animal Shelter
DMAS,Denver Municipal Animal Shelter
DMAS,Denver Municipal Animal Shelter
DPR,Dusty Paws Rescue
DPR,Dusty Paws Rescue
DPR,Dusty Paws Rescue
DRN,Doberman Rescue of Nebraska
DRN,Doberman Rescue of Nebraska
DRN,Doberman Rescue of Nebraska
DRN,Doberman Rescue of Nebraska
DRN,Doberman Rescue of Nebraska
E,EnchantMutts
E,EnchantMutts
EASTCAS,East County Animal Shelter
EASTCAS,East County Animal Shelter
EASTCAS,East County Animal Shelter
EASTCAS,East County Animal Shelter
EASTCAS,East County Animal Shelter
EBARR,East Bay Animal Rescue and Refuge
EBARR,East Bay Animal Rescue and Refuge
EBARR,East Bay Animal Rescue and Refuge
EBARR,East Bay Animal Rescue and Refuge
EBARR,East Bay Animal Rescue and Refuge
EBSPCA,East Bay SPCA
EBSPCA,East Bay SPCA
EBSPCA,East Bay SPCA
EBSPCA,East Bay SPCA
EBSPCA,East Bay SPCA
EBSPCA,East Bay SPCA
EBSPCA,East Bay SPCA
ECAS,Eagle County Animal Services
ECAS,Eagle County Animal Services
ECAS,Eagle County Animal Services
ECAS,Eagle County Animal Services
ECAS,Eagle County Animal Services
ECSPCA,Erie County SPCA
ECSPCA,Erie County SPCA
ECSPCA,Erie County SPCA
ECSPCA,Erie County SPCA
ECSPCA,Erie County SPCA
ECSPCA,Erie County SPCA
ECSPCA,Erie County SPCA
EOE,East of Eden K-9 Rescue
EOE,East of Eden K-9 Rescue
EOE,East of Eden K-9 Rescue
ESPAC,Espanola Animal Control
ESPAC,Espanola Animal Control
EVHS,Eagle Valley Humane Society
EVHS,Eagle Valley Humane Society
EVHS,Eagle Valley Humane Society
EVHS,Eagle Valley Humane Society
EVHS,Eagle Valley Humane Society
EVHSA,Espanola Valley Humane Society
EVHSA,Espanola Valley Humane Society
F,Felines
F,Felines
F,Felines
F,Felines
F,Felines
F&F,Felines and Friends 
F&F,Felines and Friends 
FAC,Ferndale Animal Control
FAR,Foothills Animal Rescue
FAR,Foothills Animal Rescue
FAR,Foothills Animal Rescue
FAR,Foothills Animal Rescue
FAR,Foothills Animal Rescue
FAR,Foothills Animal Rescue
FAR,Foothills Animal Rescue
FCAL,Four Corners Animal League 
FCAL,Four Corners Animal League 
FCF,Feral Cat Foundation
FCF,Feral Cat Foundation
FCF,Feral Cat Foundation
FCF,Feral Cat Foundation
FCF,Feral Cat Foundation
FCHS,Franklin County Humane Society
FCHS,Franklin County Humane Society
FEAR,FurEver Animal Rescue
FEAR,FurEver Animal Rescue
FEAR,FurEver Animal Rescue
FF,Friends Forever
FF,Friends Forever
FF,Friends Forever
FFCCA,Feral Friends Community Cat Alliance
FFCCA,Feral Friends Community Cat Alliance
FFCCA,Feral Friends Community Cat Alliance
FFCCA,Feral Friends Community Cat Alliance
FFCCA,Feral Friends Community Cat Alliance
FFCCA,Feral Friends Community Cat Alliance
FFD,Finding Fido
FFR,Furever Friends Rescue
FFR,Furever Friends Rescue
FFRSQ,Furry Friends Rescue
FFRSQ,Furry Friends Rescue
FFRSQ,Furry Friends Rescue
FFRSQ,Furry Friends Rescue
FFRSQ,Furry Friends Rescue
FKR,Fearless Kitty Rescue
FKR,Fearless Kitty Rescue
FLPII,For the Luv of Paws II Inc.
FLPII,For the Luv of Paws II Inc.
FLPII,For the Luv of Paws II Inc.
FOMAS,Friends of the Mobile Animal Shelter
FOMAS,Friends of the Mobile Animal Shelter
FOMAS,Friends of the Mobile Animal Shelter
FOMAS,Friends of the Mobile Animal Shelter
FOMAS,Friends of the Mobile Animal Shelter
FOMAS,Friends of the Mobile Animal Shelter
FOMAS,Friends of the Mobile Animal Shelter
FORF,Forgotten Felines
FORF,Forgotten Felines
FORF,Forgotten Felines
FOSMAS,Friends of San Martin Animal Shelter
FP,Froggies Pond
FRAS,Friends of the Rifle Animal Shelter
FRAS,Friends of the Rifle Animal Shelter
FRAS,Friends of the Rifle Animal Shelter
FRAS,Friends of the Rifle Animal Shelter
FREMTAS,Fremont Animal Services
FREMTAS,Fremont Animal Services
FREMTAS,Fremont Animal Services
FREMTAS,Fremont Animal Services
FREMTAS,Fremont Animal Services
FWACC,Fort Wayne Animal Care and Control
FWACC,Fort Wayne Animal Care and Control
FWACC,Fort Wayne Animal Care and Control
FWACC,Fort Wayne Animal Care and Control
FWACC,Fort Wayne Animal Care and Control
GCAC,Goochland County Animal Control and Pound Facility
GCAC,Goochland County Animal Control and Pound Facility
GCAS,Grant County Animal Shelter
GCAS,Grant County Animal Shelter
GCAS,Grant County Animal Shelter
GDLRR,Greater Dayton Labrador Retriever Rescue
GDLRR,Greater Dayton Labrador Retriever Rescue
GDLRR,Greater Dayton Labrador Retriever Rescue
GDLRR,Greater Dayton Labrador Retriever Rescue
GDR,Grateful Dogs Rescue
GDR,Grateful Dogs Rescue
GDR,Grateful Dogs Rescue
GDR,Grateful Dogs Rescue
GHHS,Greater Huntsville Humane Society
GHHS,Greater Huntsville Humane Society
GHHS,Greater Huntsville Humane Society
GHHS,Greater Huntsville Humane Society
GHHS,Greater Huntsville Humane Society
GHHS,Greater Huntsville Humane Society
GKR,Good Karma Rescue
GKR,Good Karma Rescue
GMS,Give Me Shelter Cat Rescue
GMS,Give Me Shelter Cat Rescue
GMS,Give Me Shelter Cat Rescue
GMS,Give Me Shelter Cat Rescue
GNPPR,Good Newz! Pittie Pups Rescue
GNPPR,Good Newz! Pittie Pups Rescue
GNPPR,Good Newz! Pittie Pups Rescue
GNPPR,Good Newz! Pittie Pups Rescue
GNPPR,Good Newz! Pittie Pups Rescue
GPR,Gainesville Pet Rescue
GPR,Gainesville Pet Rescue
GPR,Gainesville Pet Rescue
GPR,Gainesville Pet Rescue
GPR,Gainesville Pet Rescue
GPR,Gainesville Pet Rescue
GPR,Gainesville Pet Rescue
GRH,Grand Rivers Humane
GRH,Grand Rivers Humane
GRH,Grand Rivers Humane
GRH,Grand Rivers Humane
GRH,Grand Rivers Humane
GRR,Golden Retriever Rescue
GRR,Golden Retriever Rescue
GRR,Golden Retriever Rescue
GRRSF,Golden Retriever Rescue of Southwest Florida
GRRSF,Golden Retriever Rescue of Southwest Florida
GSGSR,Golden State German Shepherd Rescue
GSGSR,Golden State German Shepherd Rescue
GSGSR,Golden State German Shepherd Rescue
GSGSR,Golden State German Shepherd Rescue
GSGSR,Golden State German Shepherd Rescue
GSPSF,German Shorthaired Pointer Rescue of the San Francisco Bay Area
GSPSF,German Shorthaired Pointer Rescue of the San Francisco Bay Area
GSPSF,German Shorthaired Pointer Rescue of the San Francisco Bay Area
GSRNC,German Shepherd Rescue of Northern California
GSRNC,German Shepherd Rescue of Northern California
GSRNC,German Shepherd Rescue of Northern California
GSRNC,German Shepherd Rescue of Northern California
GSRNC,German Shepherd Rescue of Northern California
GSRNC,German Shepherd Rescue of Northern California
GSRNC,German Shepherd Rescue of Northern California
GUCHS,Gulf Coast Humane Society
GUCHS,Gulf Coast Humane Society
H,Heart
H,Heart
H,Heart
H,Heart
H,Heart
H,Heart
H,Heart
HAC,Hanover Animal Control
HAC,Hanover Animal Control
HALO,Helping Animals Live On
HALO,Helping Animals Live On
HALO,Helping Animals Live On
HALO,Helping Animals Live On
HALO,Helping Animals Live On
HALO,Helping Animals Live On
HALO,Helping Animals Live On
HALR,Home At Last Animal Rescue
HALR,Home At Last Animal Rescue
HALR,Home At Last Animal Rescue
HALR,Home At Last Animal Rescue
HALR,Home At Last Animal Rescue
HALR,Home At Last Animal Rescue
HALR,Home At Last Animal Rescue
HALT,Help Animals Lives Today
HALT,Help Animals Lives Today
HALT,Help Animals Lives Today
HAPR,Haile's Angels Pet Rescue
HAPR,Haile's Angels Pet Rescue
HAPR,Haile's Angels Pet Rescue
HAPR,Haile's Angels Pet Rescue
HAPR,Haile's Angels Pet Rescue
HAPR,Haile's Angels Pet Rescue
HAPR,Haile's Angels Pet Rescue
HAR,Hopalong Animal Rescue
HAR,Hopalong Animal Rescue
HAR,Hopalong Animal Rescue
HAR,Hopalong Animal Rescue
HAR,Hopalong Animal Rescue
HAR,Hopalong Animal Rescue
HAR,Hopalong Animal Rescue
HARP,Homeless Animals Response Program
HARP,Homeless Animals Response Program
HARP,Homeless Animals Response Program
HARP,Homeless Animals Response Program
HARP,Homeless Animals Response Program
HAS,Healdsburg Animal Shelter
HAS,Healdsburg Animal Shelter
HAS,Healdsburg Animal Shelter
HBACHS,Homeward Bound: Addison County Humane Society
HBACHS,Homeward Bound: Addison County Humane Society
HCAC,Henrico County Animal Control and Pound Facility
HCAC,Henrico County Animal Control and Pound Facility
HCAS,Hillsborough County Animal Services
HCAS,Hillsborough County Animal Services
HCAS,Hillsborough County Animal Services
HCAS,Hillsborough County Animal Services
HCHS,Huntingdon County Humane Society
HCHS,Huntingdon County Humane Society
HEA,Heartland Farm Sanctuary
HEA,Heartland Farm Sanctuary
HFA,The Haven for Animals
HFA,The Haven for Animals
HFA,The Haven for Animals
HFA,The Haven for Animals
HFG,"Home ""Fur"" Good"
HH,Harmony Haven
HH,Harmony Haven
HHC,Harmony House for Cats
HHC,Harmony House for Cats
HHHR,Hound Haven Hope Rescue
HHPR,"Helping Hands Pet Rescue, Inc."
HHPR,"Helping Hands Pet Rescue, Inc."
HHPR,"Helping Hands Pet Rescue, Inc."
HHPR,"Helping Hands Pet Rescue, Inc."
HHPR,"Helping Hands Pet Rescue, Inc."
HHPR,"Helping Hands Pet Rescue, Inc."
HHPR,"Helping Hands Pet Rescue, Inc."
HHS,Henrico Humane Society
HHS,Henrico Humane Society
HMLALO,Homeless Animal Lifeline Organization
HMLALO,Homeless Animal Lifeline Organization
HMLALO,Homeless Animal Lifeline Organization
HMLALO,Homeless Animal Lifeline Organization
HMLALO,Homeless Animal Lifeline Organization
HOE,Haven on Earth Animal League
HOE,Haven on Earth Animal League
HP,Homes for Pets
HP,Homes for Pets
HPAS,Helping Paws Animal Sanctuary
HPAS,Helping Paws Animal Sanctuary
HPCAC,Hopewell City Animal Control and Pound Facility
HPCAC,Hopewell City Animal Control and Pound Facility
HSAS,Heart & Soul Animal Sanctuary
HSAS,Heart & Soul Animal Sanctuary
HSBV,Humane Society of Boulder Valley
HSBV,Humane Society of Boulder Valley
HSBV,Humane Society of Boulder Valley
HSCC,Humane Society of Chittenden County
HSCC,Humane Society of Chittenden County
HSDC,Humane Society of Dallas County
HSDC,Humane Society of Dallas County
HSDC,Humane Society of Dallas County
HSDC,Humane Society of Dallas County
HSDC,Humane Society of Dallas County
HSDC,Humane Society of Dallas County
HSGD,Humane Society of Greater Dayton
HSGD,Humane Society of Greater Dayton
HSGD,Humane Society of Greater Dayton
HSGD,Humane Society of Greater Dayton
HSGD,Humane Society of Greater Dayton
HSGKC,Humane Society of Greater Kansas City
HSGKC,Humane Society of Greater Kansas City
HSGKC,Humane Society of Greater Kansas City
HSGKC,Humane Society of Greater Kansas City
HSGKC,Humane Society of Greater Kansas City
HSGM,Humane Society of Greater Miami
HSGM,Humane Society of Greater Miami
HSGM,Humane Society of Greater Miami
HSHV,Humane Society of Huron Valley
HSIN,Humane Society of Indianapolis
HSIN,Humane Society of Indianapolis
HSIN,Humane Society of Indianapolis
HSIN,Humane Society of Indianapolis
HSIN,Humane Society of Indianapolis
HSIN,Humane Society of Indianapolis
HSIN,Humane Society of Indianapolis
HSOW,Humane Society of Wickenburg
HSOW,Humane Society of Wickenburg
HSOW,Humane Society of Wickenburg
HSOW,Humane Society of Wickenburg
HSOW,Humane Society of Wickenburg
HSSC,Humane Society of Sonoma County
HSSC,Humane Society of Sonoma County
HSSC,Humane Society of Sonoma County
HSSCM,Humane Society of South Central Michigan
HSSCM,Humane Society of South Central Michigan
HSSCM,Humane Society of South Central Michigan
HSSCM,Humane Society of South Central Michigan
HSSKC,Humane Society for Seattle/King County
HSSKC,Humane Society for Seattle/King County
HSSKC,Humane Society for Seattle/King County
HSSKC,Humane Society for Seattle/King County
HSSKC,Humane Society for Seattle/King County
HSSKC,Humane Society for Seattle/King County
HSSPCA,Humane Society and SPCA of Bexar County
HSSPCA,Humane Society and SPCA of Bexar County
HSSV,Humane Society of Silicon Valley
HSSV,Humane Society of Silicon Valley
HSSV,Humane Society of Silicon Valley
HSSV,Humane Society of Silicon Valley
HSSV,Humane Society of Silicon Valley
HSSV,Humane Society of Silicon Valley
HSSV,Humane Society of Silicon Valley
HSTB,Humane Society of Tampa Bay
HSTB,Humane Society of Tampa Bay
HSTB,Humane Society of Tampa Bay
HSTB,Humane Society of Tampa Bay
HSWA,Humane Society of West Alabama
HSWA,Humane Society of West Alabama
HSWA,Humane Society of West Alabama
HYRDAS,Hayward Animal Services
HYRDAS,Hayward Animal Services
HYRDAS,Hayward Animal Services
HYRDAS,Hayward Animal Services
HYRDAS,Hayward Animal Services
ICRA,Island Cat Resources and Adoption
ICRA,Island Cat Resources and Adoption
ICRA,Island Cat Resources and Adoption
ICRA,Island Cat Resources and Adoption
ICRA,Island Cat Resources and Adoption
IEGRR,Inland Empire Golden Retriever Rescue
IEGRR,Inland Empire Golden Retriever Rescue
IEGRR,Inland Empire Golden Retriever Rescue
IPS,Independent Animal Rescue
IPS,Independent Animal Rescue
IPS,Independent Animal Rescue
IPS,Independent Animal Rescue
IPS,Independent Animal Rescue
IPS,Independent Animal Rescue
JHS,Jacksonville Humane Society
JHS,Jacksonville Humane Society
JHS,Jacksonville Humane Society
JHS,Jacksonville Humane Society
JHS,Jacksonville Humane Society
JRT,Jack Russell Terrier Rescue
JRT,Jack Russell Terrier Rescue
JRT,Jack Russell Terrier Rescue
JRT,Jack Russell Terrier Rescue
JRT,Jack Russell Terrier Rescue
K9PPR,K9 Paw Print Rescue
K9PPR,K9 Paw Print Rescue
K9PPR,K9 Paw Print Rescue
K9SRL,K-9 Stray Rescue League
K9SRL,K-9 Stray Rescue League
KACD,Kirby Animal Control Dept.
KACD,Kirby Animal Control Dept.
KCAR,KC Angel Rescue
KCAR,KC Angel Rescue
KCAR,KC Angel Rescue
KCKAC,Kansas City Kansas Animal Control
KCKAC,Kansas City Kansas Animal Control
KCKAC,Kansas City Kansas Animal Control
KCKAC,Kansas City Kansas Animal Control
KCKAC,Kansas City Kansas Animal Control
KIC,Kitty City
KIC,Kitty City
KIC,Kitty City
KWCAC,King William County Animal Control and Pound Facility
KWCAC,King William County Animal Control and Pound Facility
L4K9,Luv4K9s
L4K9,Luv4K9s
L4K9,Luv4K9s
L4K9,Luv4K9s
L4K9,Luv4K9s
LAAC,Louisiana Animal Control Summary
LAAC,Louisiana Animal Control Summary
LAAC,Louisiana Animal Control Summary
LAAG,Louisiana Adoption Guarantee Summary
LAAG,Louisiana Adoption Guarantee Summary
LAAG,Louisiana Adoption Guarantee Summary
LAS,Lodi Animal Shelter
LAS,Lodi Animal Shelter
LAS,Lodi Animal Shelter
LATS,Louisiana Traditional Shelter Summary
LATS,Louisiana Traditional Shelter Summary
LATS,Louisiana Traditional Shelter Summary
LAW,League of Animal Welfare
LC,Lucky Cat
LC,Lucky Cat
LC,Lucky Cat
LC,Lucky Cat
LC,Lucky Cat
LCAO,The Loving and Caring Animal Organization
LCAO,The Loving and Caring Animal Organization
LCAS,Loudon County Animal Shelter
LCAS,Loudon County Animal Shelter
LCAS,Loudon County Animal Shelter
LCAS,Loudon County Animal Shelter
LCAS,Loudon County Animal Shelter
LCDAS,Lee County Domestic Animal Services
LCDAS,Lee County Domestic Animal Services
LD,Lucky Dog
LD,Lucky Dog
LD,Lucky Dog
LD,Lucky Dog
LD,Lucky Dog
LFHSGR,"Lollypop Farm, Humane Society of Greater Rochester"
LFHSGR,"Lollypop Farm, Humane Society of Greater Rochester"
LFHSGR,"Lollypop Farm, Humane Society of Greater Rochester"
LFHSGR,"Lollypop Farm, Humane Society of Greater Rochester"
LFHSGR,"Lollypop Farm, Humane Society of Greater Rochester"
LGR,Loup Garou Animal Rescue
LGR,Loup Garou Animal Rescue
LGR,Loup Garou Animal Rescue
LHS,Longmont Humane Society
LHS,Longmont Humane Society
LHS,Longmont Humane Society
LMHS,Lucy Mackenzie Humane Society
LMHS,Lucy Mackenzie Humane Society
LOACC,Live Oak Animal Care and Control
LOACC,Live Oak Animal Care and Control
LOCAC,Louisa County Animal Control and Pound Facility
LOCAC,Louisa County Animal Control and Pound Facility
LSAS,Lake Shore Animal Shelter
LSAS,Lake Shore Animal Shelter
LVAC,Las Vegas Animal Control
LVAC,Las Vegas Animal Control
LVACD,Leon Valley Animal Control Dept.
LVACD,Leon Valley Animal Control Dept.
LYHS,Lynchburg Humane Society
LYHS,Lynchburg Humane Society
LYHS,Lynchburg Humane Society
LYHS,Lynchburg Humane Society
LYHS,Lynchburg Humane Society
MAP,Maddie's Adoption Program
MAR,Maddie's Adoption Room
MAR,Maddie's Adoption Room
MAR,Maddie's Adoption Room
MARF,Madison Animal Rescue Foundation
MARF,Madison Animal Rescue Foundation
MARF,Madison Animal Rescue Foundation
MARF,Madison Animal Rescue Foundation
MARF,Madison Animal Rescue Foundation
MARF,Madison Animal Rescue Foundation
MAS,Montrose Animal Services
MAS,Montrose Animal Services
MAS,Montrose Animal Services
MAS,Montrose Animal Services
MBCAS,Mobile County Animal Shelter
MBCAS,Mobile County Animal Shelter
MBCAS,Mobile County Animal Shelter
MBCAS,Mobile County Animal Shelter
MBCAS,Mobile County Animal Shelter
MBCAS,Mobile County Animal Shelter
MBCAS,Mobile County Animal Shelter
MCA,Maine Coon Adoptions: Preventing Euthanasia Through Rescue
MCA,Maine Coon Adoptions: Preventing Euthanasia Through Rescue
MCA,Maine Coon Adoptions: Preventing Euthanasia Through Rescue
MCA,Maine Coon Adoptions: Preventing Euthanasia Through Rescue
MCA,Maine Coon Adoptions: Preventing Euthanasia Through Rescue
MCACC,Maricopa County Animal Care and Control
MCACC,Maricopa County Animal Care and Control
MCACC,Maricopa County Animal Care and Control
MCACC,Maricopa County Animal Care and Control
MCACC,Maricopa County Animal Care and Control
MCACC,Maricopa County Animal Care and Control
MCACC,Maricopa County Animal Care and Control
MCARC,Montgomery County Animal Resource Center
MCARC,Montgomery County Animal Resource Center
MCARC,Montgomery County Animal Resource Center
MCARC,Montgomery County Animal Resource Center
MCARC,Montgomery County Animal Resource Center
MCAS,Monroe County Animal Shelter
MCAS,Monroe County Animal Shelter
MCAS,Monroe County Animal Shelter
MCAS,Monroe County Animal Shelter
MCAS,Monroe County Animal Shelter
MCHS,Mendocino Coast Humane Society
MCHS,Mendocino Coast Humane Society
MCHS,Mendocino Coast Humane Society
MDAS,Miami Dade Animal Services
MDAS,Miami Dade Animal Services
MDAS,Miami Dade Animal Services
MECAS,Mesa County Animal Services
MECAS,Mesa County Animal Services
MECAS,Mesa County Animal Services
MECAS,Mesa County Animal Services
MECAS,Mesa County Animal Services
MH,Mastiff Hope
MH,Mastiff Hope
MH,Mastiff Hope
MOCAC,Western Arizona Humane Society - Kingman
MOCAC,Western Arizona Humane Society - Kingman
MOCAC,Western Arizona Humane Society - Kingman
MOCAS,Monterey County Animal Services
MOCAS,Monterey County Animal Services
MOCAS,Monterey County Animal Services
MSAC,Mississippi Animal Control Summary
MSAC,Mississippi Animal Control Summary
MSAC,Mississippi Animal Control Summary
MSAG,Mississippi Adoption Guarantee Summary
MSAG,Mississippi Adoption Guarantee Summary
MSAG,Mississippi Adoption Guarantee Summary
MSPCA,Mobile SPCA
MSPCA,Mobile SPCA
MSPCA,Mobile SPCA
MSPCA,Mobile SPCA
MSPCA,Mobile SPCA
MSPCA,Mobile SPCA
MSPCA,Mobile SPCA
MSTS,Mississippi Traditional Shelter Summary
MSTS,Mississippi Traditional Shelter Summary
MSTS,Mississippi Traditional Shelter Summary
MUCAS,Multnomah County Animal Services
MUCAS,Multnomah County Animal Services
MUCAS,Multnomah County Animal Services
MUCAS,Multnomah County Animal Services
MUCAS,Multnomah County Animal Services
MUCAS,Multnomah County Animal Services
MUCAS,Multnomah County Animal Services
MV,Muttville
MV,Muttville
MV,Muttville
MV,Muttville
MVAC,Madisonville Animal Control
MVAC,Madisonville Animal Control
MVAC,Madisonville Animal Control
MVAC,Madisonville Animal Control
MVAC,Madisonville Animal Control
MVBR,Missouri Valley Boxer Rescue
MVBR,Missouri Valley Boxer Rescue
MVBR,Missouri Valley Boxer Rescue
MVBR,Missouri Valley Boxer Rescue
MVBR,Missouri Valley Boxer Rescue
NARF,Nike Animal Rescue Foundation
NBAS,North Baldwin Animal Shelter
NBCR,Nebraska Border Collie Rescue
NBCR,Nebraska Border Collie Rescue
NBCR,Nebraska Border Collie Rescue
NBCR,Nebraska Border Collie Rescue
NBCR,Nebraska Border Collie Rescue
NCAL,North County Animal League
NCAL,North County Animal League
NCFDR,Northern California Family Dog Rescue
NCFDR,Northern California Family Dog Rescue
NCFDR,Northern California Family Dog Rescue
NCFDR,Northern California Family Dog Rescue
NCPD,New Castle Police Department
NCPD,New Castle Police Department
NCPR,NorCal Poodle Rescue
NCPR,NorCal Poodle Rescue
NCPR,NorCal Poodle Rescue
NCPR,NorCal Poodle Rescue
NCPR,NorCal Poodle Rescue
NCSDR,Northern California Sled Dog Rescue 
NCSDR,Northern California Sled Dog Rescue 
NCSDR,Northern California Sled Dog Rescue 
NEHS,Nebraska Humane Society
NEHS,Nebraska Humane Society
NEHS,Nebraska Humane Society
NEHS,Nebraska Humane Society
NEHS,Nebraska Humane Society
NHS,Nevada Humane Society
NHS,Nevada Humane Society
NHS,Nevada Humane Society
NHS,Nevada Humane Society
NHS,Nevada Humane Society
NHS,Nevada Humane Society
NHS,Nevada Humane Society
NKAC,New Kent Animal Control and Pound Facility
NKAC,New Kent Animal Control and Pound Facility
NMAF,New Mexico Animal Friends
NMAF,New Mexico Animal Friends
NMAF,New Mexico Animal Friends
NMAF,New Mexico Animal Friends
NYAG,NYC Adoption Guarantee Summary
NYAG,NYC Adoption Guarantee Summary
NYAG,NYC Adoption Guarantee Summary
NYAG,NYC Adoption Guarantee Summary
NYAG,NYC Adoption Guarantee Summary
NYAG,NYC Adoption Guarantee Summary
NYAG,NYC Adoption Guarantee Summary
OAS,Oakland Animal Services
OAS,Oakland Animal Services
OAS,Oakland Animal Services
OAS,Oakland Animal Services
OAS,Oakland Animal Services
OAS,Oakland Animal Services
OAS,Oakland Animal Services
OCAS,Oconee County Animal Shelter
OCAS,Oconee County Animal Shelter
OCAS,Oconee County Animal Shelter
OCAS,Oconee County Animal Shelter
OCAS,Oconee County Animal Shelter
OCCH,Outcast Cat Help
OCCH,Outcast Cat Help
OCCH,Outcast Cat Help
OCCH,Outcast Cat Help
OHGKDR,Umbrella of Hope
OHGKDR,Umbrella of Hope
OHGKDR,Umbrella of Hope
OHGKDR,Umbrella of Hope
OHGKDR,Umbrella of Hope
OHS,Oregon Humane Society
OHS,Oregon Humane Society
OHS,Oregon Humane Society
OHS,Oregon Humane Society
OHS,Oregon Humane Society
OHS,Oregon Humane Society
OHS,Oregon Humane Society
OPAC,Oakland Pet Adoption Center
OPAC,Oakland Pet Adoption Center
OPP,Ozzie's Pound Puppies
OPP,Ozzie's Pound Puppies
OPP,Ozzie's Pound Puppies
PAAS,Palo Alto Animal Services
PAAS,Palo Alto Animal Services
PAAS,Palo Alto Animal Services
PAAS,Palo Alto Animal Services
PAAS,Palo Alto Animal Services
PAAS,Palo Alto Animal Services
PAAS,Palo Alto Animal Services
PAC,Powhatan Animal Control and Pound Facility
PAC,Powhatan Animal Control and Pound Facility
PACA,People's Anti-Cruelty Association
PACA,People's Anti-Cruelty Association
PACA,People's Anti-Cruelty Association
PACA,People's Anti-Cruelty Association
PAS,Petaluma Animal Shelter
PAS,Petaluma Animal Shelter
PAS,Petaluma Animal Shelter
PASPCA,Pennsylvania SPCA
PASPCA,Pennsylvania SPCA
PASPCA,Pennsylvania SPCA
PAWS,P.A.W.S. Lee County
PAWS,P.A.W.S. Lee County
PAWSC,PAWS Chicago
PAWSC,PAWS Chicago
PAWSC,PAWS Chicago
PAWSC,PAWS Chicago
PAWSC,PAWS Chicago
PC,Pet Connection
PC,Pet Connection
PC,Pet Connection
PCCHHS,Pottawatomie County Caring Hearts Humane Society
PCCHHS,Pottawatomie County Caring Hearts Humane Society
PCCHHS,Pottawatomie County Caring Hearts Humane Society
PCW,Peninsula CatWorks
PF,Paw Fund
PF,Paw Fund
PF,Paw Fund
PFAWS,People for Animal Welfare Society
PFAWS,People for Animal Welfare Society
PFP,Partners for Pets
PFP,Partners for Pets
PFP,Partners for Pets
PGCAS,Prince George County Animal Services
PGCAS,Prince George County Animal Services
PHF,Puppy Hill Farm
PHF,Puppy Hill Farm
PHF,Puppy Hill Farm
PHF,Puppy Hill Farm
PHF,Puppy Hill Farm
PHF,Puppy Hill Farm
PHF,Puppy Hill Farm
PL,Pets Lifeline
PL,Pets Lifeline
PL,Pets Lifeline
PNAFN,Pet Network Animal Friends of Nevada
PNAFN,Pet Network Animal Friends of Nevada
PNAFN,Pet Network Animal Friends of Nevada
PNAFN,Pet Network Animal Friends of Nevada
PNAFN,Pet Network Animal Friends of Nevada
PNAFN,Pet Network Animal Friends of Nevada
PNAFN,Pet Network Animal Friends of Nevada
PNP,Pets and Pals
PPNY,Pet Pride of New York
PPNY,Pet Pride of New York
PPNY,Pet Pride of New York
PR,Pet Rescue Miami
PR,Pet Rescue Miami
PRG,Pomeranian Rescue Group
PRG,Pomeranian Rescue Group
PRG,Pomeranian Rescue Group
PRRCR,Purrfect Cat Rescue
PRRCR,Purrfect Cat Rescue
PRRCR,Purrfect Cat Rescue
PRRCR,Purrfect Cat Rescue
PRRCR,Purrfect Cat Rescue
PS,Pet Savers
PS,Pet Savers
PS,Pet Savers
PSPCA,Peninsula SPCA
PSPCA,Peninsula SPCA
PSPCA,Peninsula SPCA
PTAC,Petersburg Animal Control and Pound Facility
PTAC,Petersburg Animal Control and Pound Facility
PTR,Paws and Tails Rescue
PTR,Paws and Tails Rescue
PTSC,Pets Care
PU,Pets Unlimited
PU,Pets Unlimited
PU,Pets Unlimited
PU,Pets Unlimited
PU,Pets Unlimited
PU,Pets Unlimited
RACAC,Rio Arriba County Animal Control
RACAC,Rio Arriba County Animal Control
RACC,Richmond Animal Care & Control
RACC,Richmond Animal Care & Control
RACC,Richmond Animal Care and Control
RACC,Richmond Animal Care and Control
RACC,Richmond Animal Care and Control
RAL,Richmond Animal League
RAL,Richmond Animal League
RAS,Rifle Animal Shelter
RAS,Rifle Animal Shelter
RAS,Rifle Animal Shelter
RAS,Rifle Animal Shelter
RAS,Rifle Animal Shelter
RCAC,Rutherford County Animal Control
RCHS,Rutherford County Humane Society
RCHSV,Rutland County Humane Society
RCHSV,Rutland County Humane Society
RDAS,Red Door Animal Shelter
RDAS,Red Door Animal Shelter
RDR,Rocket Dog Rescue
RDR,Rocket Dog Rescue
RDR,Rocket Dog Rescue
RHHS,Roice-Hurst Humane Society
RHHS,Roice-Hurst Humane Society
RHHS,Roice-Hurst Humane Society
RHHS,Roice-Hurst Humane Society
RHHS,Roice-Hurst Humane Society
RHSPCA,Rockingham Harisonburg SPCA
RHSPCA,Rockingham Harisonburg SPCA
RIDR,Ring Dog Rescue
RIDR,Ring Dog Rescue
RL,Rescue League
RL,Rescue League
RMACA,Rocky Mountain Alley Cat Alliance
RMACA,Rocky Mountain Alley Cat Alliance
RMACA,Rocky Mountain Alley Cat Alliance
ROAS,Royal Oak Animal Shelter
ROAS,Royal Oak Animal Shelter
RPAS,Rohnert Park Animal Shelter
RPAS,Rohnert Park Animal Shelter
RPAS,Rohnert Park Animal Shelter
RPBR,Rockin P Boxer Rescue
RRAZ,Ruby Ranch
RRAZ,Ruby Ranch
RSPCA,Richmond SPCA
RSPCA,Richmond SPCA
RSPCA,Richmond SPCA
RSPCA,Richmond SPCA
RSPCA,Richmond SPCA
SAACC,San Antonio Animal Care and Control
SAACC,San Antonio Animal Care and Control
SAC,Schertz Animal Control
SAC,Schertz Animal Control
SACARC,Springfield Animal Care & Rescue Club (SACARC)
SACARC,Springfield Animal Care & Rescue Club (SACARC)
SACARC,Springfield Animal Care & Rescue Club (SACARC)
SACARC,Springfield Animal Care & Rescue Club (SACARC)
SACARC,Springfield Animal Care & Rescue Club (SACARC)
SAFE,SAFE Pet Rescue
SAFE,SAFE Pet Rescue
SAFE,SAFE Pet Rescue
SAFE,SAFE Pet Rescue
SAFE,SAFE Pet Rescue
SBPR,South Bay Purebred Rescue
SCAC,Summit County Animal Control and Shelter
SCAC,Summit County Animal Control and Shelter
SCAC,Summit County Animal Control and Shelter
SCAC,Summit County Animal Control and Shelter
SCAC,Summit County Animal Control and Shelter
SCACC,Santa Clara Animal Control
SCACC,Santa Clara Animal Control
SCACTV,Second Chance Animal Center
SCACTV,Second Chance Animal Center
SCARE,SpokAnimal C.A.R.E.
SCARE,SpokAnimal C.A.R.E.
SCARE,SpokAnimal C.A.R.E.
SCCACC,Santa Clara County Animal Care and Control
SCCACC,Santa Clara County Animal Care and Control
SCCACC,Santa Clara County Animal Care and Control
SCCACC,Santa Clara County Animal Care and Control
SCCACC,Santa Clara County Animal Care and Control
SCCACC,Santa Clara County Animal Care and Control
SCCACC,Santa Clara County Animal Care and Control
SCF,Safe Cat Foundation
SCF,Safe Cat Foundation
SCF,Safe Cat Foundation
SCF,Safe Cat Foundation
SCF,Safe Cat Foundation
SCHS,Second Chance Humane Society
SCHS,Second Chance Humane Society
SCHS,Second Chance Humane Society
SCHS,Second Chance Humane Society
SCR,Second Chance Rescue
SCR,Second Chance Rescue
SCR,Second Chance Rescue
SCR,Second Chance Rescue
SCR,Second Chance Rescue
SCRAPS,Spokane County Regional Animal Protection Services
SCRAPS,Spokane County Regional Animal Protection Services
SCRAPS,Spokane County Regional Animal Protection Services
SCSN,Second Chance Sheltering Network
SCSN,Second Chance Sheltering Network
SCSN,Second Chance Sheltering Network
SCSN,Second Chance Sheltering Network
SCSN,Second Chance Sheltering Network
SCSN,Second Chance Sheltering Network
SCSN,Second Chance Sheltering Network
SDR,Sweetdog Rescue
SDR,Sweetdog Rescue
SDR,Sweetdog Rescue
SEAS,Seattle Animal Shelter
SEAS,Seattle Animal Shelter
SEAS,Seattle Animal Shelter
SEAS,Seattle Animal Shelter
SEAS,Seattle Animal Shelter
SEAS,Seattle Animal Shelter
SFACC,San Francisco Animal Care & Control
SFACC,San Francisco Animal Care & Control
SFACC,San Francisco Animal Care & Control
SFACC,San Francisco Animal Care & Control
SFACC,San Francisco Animal Care & Control
SFACC,San Francisco Animal Care & Control
SFACC,San Francisco Animal Care & Control
SFAPS,St. Francis Animal Protection Society
SFAS&HS,Santa Fe Animal Shelter & Humane Society
SFAS&HS,Santa Fe Animal Shelter & Humane Society
SFCityAC,Santa Fe City Animal Control
SFCityAC,Santa Fe City Animal Control
SFCountyAC,Santa Fe County Animal Control
SFCountyAC,Santa Fe County Animal Control
SFS,Shelter from the Storm
SFS,Shelter from the Storm
SFS,Shelter from the Storm
SFS,Shelter from the Storm
SFS,Shelter from the Storm
SFSAR,St. Francis Society Animal Rescue
SFSAR,St. Francis Society Animal Rescue
SFSAR,St. Francis Society Animal Rescue
SFSAR,St. Francis Society Animal Rescue
SFSPCA,San Francisco SPCA
SFSPCA,San Francisco SPCA
SFSPCA,San Francisco SPCA
SFSPCA,San Francisco SPCA
SFSPCA,San Francisco SPCA
SFSPCA,San Francisco SPCA
SFSPCA,San Francisco SPCA
SFVSF,The Schwartz Family Veterinary Scholarship and Animal Welfare Foundation
SGR,Saving Grace Rescue
SGR,Saving Grace Rescue
SGR,Saving Grace Rescue
SGR,Saving Grace Rescue
SHD,Safe Harbor Dogs
SHD,Safe Harbor Dogs
SHD,Safe Harbor Dogs
SHS,Spokane Humane Society
SHS,Spokane Humane Society
SHS,Spokane Humane Society
SHSV,Springfield Humane Society
SHSV,Springfield Humane Society
SICSA,Society for the Improvement of Conditions for Stray Animals
SICSA,Society for the Improvement of Conditions for Stray Animals
SICSA,Society for the Improvement of Conditions for Stray Animals
SICSA,Society for the Improvement of Conditions for Stray Animals
SICSA,Society for the Improvement of Conditions for Stray Animals
SJACS,San Jose Animal Care and Services
SJACS,San Jose Animal Care and Services
SJACS,San Jose Animal Care and Services
SJACS,San Jose Animal Care and Services
SJACS,San Jose Animal Care and Services
SJACS,San Jose Animal Care and Services
SJACS,San Jose Animal Care and Services
SLHS,St. Lucie Humane Society
SLHS,St. Lucie Humane Society
SNAP,SNAP
SNAP,SNAP
SNAP,SNAP
SNAP,SNAP
SNAP,SNAP
SNIPSA,Spay Neuter Inject Project of San Antonio
SNIPSA,Spay Neuter Inject Project of San Antonio
SOAR,Starting Over Animal Rescue
SP,Sweetwater Pound
SP,Sweetwater Pound
SP,Sweetwater Pound
SP,Sweetwater Pound
SP,Sweetwater Pound
SPCAMC,SPCA for Monterey County
SPCAMC,SPCA for Monterey County
SPCAMC,SPCA for Monterey County
SPCANN,SPCA of Northern Nevada
SPCANN,SPCA of Northern Nevada
SPCANN,SPCA of Northern Nevada
SPCANN,SPCA of Northern Nevada
SPCANN,SPCA of Northern Nevada
SPCANN,SPCA of Northern Nevada
SPCANN,SPCA of Northern Nevada
SPCAT,SPCA of Texas
SPCAT,SPCA of Texas
SPCAT,SPCA of Texas
SPCAT,SPCA of Texas
SPCAT,SPCA of Texas
SPCAT,SPCA of Texas
SPD,Silt Police Department
SSRG,Sunshine Rescue Group
SSRG,Sunshine Rescue Group
SSRG,Sunshine Rescue Group
SSRG,Sunshine Rescue Group
SSRG,Sunshine Rescue Group
STAR,Support Team Animal Rescue
SVACA,Silicon Valley Animal Control Authority
SVACA,Silicon Valley Animal Control Authority
SVACA,Silicon Valley Animal Control Authority
SVACA,Silicon Valley Animal Control Authority
SVACA,Silicon Valley Animal Control Authority
SVACA,Silicon Valley Animal Control Authority
SVACA,Silicon Valley Animal Control Authority
SVAS,Sun Valley Animal Shelter
SVAS,Sun Valley Animal Shelter
SVAS,Sun Valley Animal Shelter
SVAS,Sun Valley Animal Shelter
SVAS,Sun Valley Animal Shelter
SVAS,Sun Valley Animal Shelter
SVAS,Sun Valley Animal Shelter
SWNR,"Shake, Wiggle N' Roll Animal Rescue"
SWWH,Humane Society for Southwest Washington
SWWH,Humane Society for Southwest Washington
SWWH,Humane Society for Southwest Washington
SWWH,Humane Society for Southwest Washington
SWWH,Humane Society for Southwest Washington
SWWH,Humane Society for Southwest Washington
SWWH,Humane Society for Southwest Washington
TC,Town Cats
TC,Town Cats
TC,Town Cats
TC,Town Cats
TC,Town Cats
TC,Town Cats
TC,Town Cats
TCR,Tailchaser Rescue 
TCSPCA,Tompkins County SPCA
TCSPCA,Tompkins County SPCA
TCSPCA,Tompkins County SPCA
TCSPCA,Tompkins County SPCA
TCSPCA,Tompkins County SPCA
TCSPCA,Tompkins County SPCA
TCSPCA,Tompkins County SPCA
THHS,Terre Haute Humane Society
THHS,Terre Haute Humane Society
TKR,Toni's Kitty Rescue
TKR,Toni's Kitty Rescue
TKR,Toni's Kitty Rescue
TLC,Ten Lives Club
TLC,Ten Lives Club
TLC,Ten Lives Club
TLC,Ten Lives Club
TLC,Ten Lives Club
TLC,Ten Lives Club
TLC,Ten Lives Club
TLF,Tenth Life Foundation
TLF,Tenth Life Foundation
TLF,Tenth Life Foundation
TLRARF,Tony La Russa's Animal Rescue Foundation
TLRARF,Tony La Russa's Animal Rescue Foundation
TLRARF,Tony La Russa's Animal Rescue Foundation
TLRARF,Tony La Russa's Animal Rescue Foundation
TLRARF,Tony La Russa's Animal Rescue Foundation
TLRARF,Tony La Russa's Animal Rescue Foundation
TLRARF,Tony La Russa's Animal Rescue Foundation
TMAC,Table Mountain Animal Center
TMAC,Table Mountain Animal Center
TMAC,Table Mountain Animal Center
TMAS,Tuscaloosa Metro Animal Shelter
TMAS,Tuscaloosa Metro Animal Shelter
TMAS,Tuscaloosa Metro Animal Shelter
TPD,The Perfect Dog
TPD,The Perfect Dog
TPD,The Perfect Dog
TRHHS,Tree House Humane Society
TRHHS,Tree House Humane Society
TRHHS,Tree House Humane Society
TRHHS,Tree House Humane Society
TRHHS,Tree House Humane Society
TTP,T-Town Paws
TTP,T-Town Paws
TTP,T-Town Paws
TVAR,Tri Valley Animal Rescue
TVAR,Tri Valley Animal Rescue
TVAR,Tri Valley Animal Rescue
TVAR,Tri Valley Animal Rescue
TVAR,Tri Valley Animal Rescue
TVAR,Tri Valley Animal Rescue
TVAR,Tri Valley Animal Rescue
UAR,Underdog Animal Rescue
UCAC,Universal City Animal Control
UCAC,Universal City Animal Control
UTAHAC,Utah Animal Control Summary
UTAHAC,Utah Animal Control Summary
UTAHAC,Utah Animal Control Summary
UTAHAC,Utah Animal Control Summary
UTAHAC,Utah Animal Control Summary
UTAHAC,Utah Animal Control Summary
UTAHAC,Utah Animal Control Summary
UTAHAG,Utah Adoption Guarantee Summary
UTAHAG,Utah Adoption Guarantee Summary
UTAHAG,Utah Adoption Guarantee Summary
UTAHAG,Utah Adoption Guarantee Summary
UTAHAG,Utah Adoption Guarantee Summary
UTAHAG,Utah Adoption Guarantee Summary
UTAHAG,Utah Adoption Guarantee Summary
VDR,Valley Dogs Inc. (Valley Dogs Rescue)
VDR,Valley Dogs Inc. (Valley Dogs Rescue)
VHS,Valley Humane Society
VHS,Valley Humane Society
VHS,Valley Humane Society
VHS,Valley Humane Society
VHS,Valley Humane Society
VHS,Valley Humane Society
VHS,Valley Humane Society
WAHS,Western Arizona Humane Society - Lake Havasu City
WAHS,Western Arizona Humane Society - Lake Havasu City
WAHS,Western Arizona Humane Society - Lake Havasu City
WCAS,Washington County Animal Services
WCAS,Washington County Animal Services
WCAS,Washington County Animal Services
WCAS,Washington County Animal Services
WCAS,Washington County Animal Services
WCAS,Washington County Animal Services
WCAS,Washington County Animal Services
WCHS,Windham County Humane Society
WCHS,Windham County Humane Society
WCR,Wonder Cat Rescue
WCR,Wonder Cat Rescue
WCRAS,Washoe County Regional Animal Services
WCRAS,Washoe County Regional Animal Services
WCRAS,Washoe County Regional Animal Services
WCRAS,Washoe County Regional Animal Services
WCRAS,Washoe County Regional Animal Services
WCRAS,Washoe County Regional Animal Services
WCRAS,Washoe County Regional Animal Services
WDR,Wonder Dog Rescue
WDR,Wonder Dog Rescue
WDR,Wonder Dog Rescue
WDR,Wonder Dog Rescue
WITB,Walkin' the Bark
WITB,Walkin' the Bark
WITB,Walkin' the Bark
WITB,Walkin' the Bark
WKF,White Kitty Foundation
WKF,White Kitty Foundation
WKF,White Kitty Foundation
WKF,White Kitty Foundation
WKF,White Kitty Foundation
WNTTR,Wag N Train Terrier Rescue
WNTTR,Wag N Train Terrier Rescue
WNTTR,Wag N Train Terrier Rescue
WNTTR,Wag N Train Terrier Rescue
WOR,Wings of Rescue
WOR,Wings of Rescue
WOR,Wings of Rescue
WYR,Wren Yorkie Rescue
WYR,Wren Yorkie Rescue
WYR,Wren Yorkie Rescue
WYR,Wren Yorkie Rescue
